friend_pos_list,foe_pos_list,target_coor,label
"[[33.270353, 35.549833], [33.269816, 35.549602], [33.270217, 35.550319], [33.273388, 35.550058], [33.273199, 35.550422], [33.274051, 35.549938], [33.268414, 35.553945], [33.26857, 35.554076], [33.269121, 35.554292], [33.268687, 35.554263]]","[[33.286793, 35.54814], [33.287199, 35.548848], [33.286934, 35.548818], [33.286626, 35.549036], [33.286521, 35.548462], [33.286562, 35.54861], [33.290199, 35.550826], [33.289913, 35.550637], [33.290219, 35.550259], [33.290232, 35.550193], [33.29024, 35.550723], [33.289114, 35.549959], [33.289363, 35.549926], [33.289713, 35.550828], [33.289473, 35.550231], [33.28963, 35.550615], [33.286297, 35.551208], [33.285799, 35.552053], [33.285473, 35.551563], [33.285988, 35.551181], [33.286093, 35.551237], [33.287349, 35.552353], [33.287825, 35.552281], [33.287585, 35.55246], [33.288039, 35.551646], [33.287503, 35.551994], [33.287991, 35.552408]]","[33.268622, 35.552857]",friend
"[[33.269428, 35.549907], [33.269835, 35.550238], [33.269484, 35.550115], [33.27039, 35.550229], [33.273576, 35.549709], [33.273195, 35.549358], [33.27391, 35.550339], [33.273997, 35.550024], [33.273968, 35.549831], [33.268951, 35.553557], [33.268946, 35.553952], [33.269253, 35.554281]]","[[33.287249, 35.548829], [33.2866, 35.549064], [33.286701, 35.548491], [33.286611, 35.549062], [33.286768, 35.548384], [33.287229, 35.548765], [33.289318, 35.551428], [33.289356, 35.551111], [33.289701, 35.550717], [33.289663, 35.551128], [33.289389, 35.550897], [33.289868, 35.550557], [33.289378, 35.550605], [33.289164, 35.550439], [33.285613, 35.55121], [33.285503, 35.551423], [33.286281, 35.551849], [33.2856, 35.551329], [33.287152, 35.551494], [33.288012, 35.552371], [33.287102, 35.551637], [33.287279, 35.552217]]","[33.280506, 35.549757]",foe
"[[33.2699, 35.550043], [33.270211, 35.549846], [33.270211, 35.549825], [33.270086, 35.550417], [33.269985, 35.55039], [33.269855, 35.549813], [33.273143, 35.549942], [33.273271, 35.549531], [33.273126, 35.550304], [33.273914, 35.550113], [33.273099, 35.549444], [33.273894, 35.549512], [33.268104, 35.553798], [33.268663, 35.5539], [33.26872, 35.553181]]","[[33.287089, 35.548249], [33.286508, 35.548954], [33.286469, 35.548957], [33.289334, 35.551055], [33.289448, 35.550958], [33.289581, 35.550784], [33.289574, 35.551428], [33.289619, 35.551066], [33.289135, 35.55016], [33.289714, 35.550163], [33.289095, 35.54985], [33.289912, 35.550432], [33.290006, 35.550183], [33.289673, 35.549961], [33.286039, 35.550772], [33.286146, 35.551462], [33.285997, 35.551321], [33.285904, 35.550901], [33.28791, 35.551721], [33.287808, 35.551746], [33.287867, 35.551533], [33.287801, 35.552191], [33.287874, 35.552455], [33.287315, 35.552207]]","[33.272654, 35.545267]",friend
"[[33.269668, 35.549599], [33.269645, 35.549804], [33.27019, 35.550416], [33.270396, 35.550464], [33.269714, 35.550406], [33.270347, 35.549674], [33.273465, 35.549983], [33.273462, 35.549466], [33.273409, 35.549618], [33.273714, 35.550284], [33.273314, 35.549564], [33.268819, 35.553709], [33.268482, 35.553844], [33.268866, 35.553278], [33.268333, 35.553254], [33.268313, 35.553494]]","[[33.286841, 35.548794], [33.286875, 35.548841], [33.286957, 35.548165], [33.289168, 35.551145], [33.289996, 35.551025], [33.289417, 35.551055], [33.289771, 35.551043], [33.289814, 35.550782], [33.290066, 35.550003], [33.289986, 35.550782], [33.289904, 35.550531], [33.289847, 35.550379], [33.285265, 35.550821], [33.285317, 35.551069], [33.28586, 35.551204], [33.285706, 35.550941], [33.287187, 35.551722], [33.287384, 35.551491], [33.28777, 35.551516], [33.287661, 35.551213], [33.287309, 35.551275], [33.287347, 35.55207]]","[33.263133, 35.560188]",friend
"[[33.269651, 35.550373], [33.269851, 35.549729], [33.270388, 35.550409], [33.270383, 35.549856], [33.269955, 35.550188], [33.273275, 35.549524], [33.273518, 35.549988], [33.273037, 35.549849], [33.268857, 35.55406], [33.268568, 35.554015], [33.2687, 35.553772]]","[[33.286801, 35.548775], [33.28657, 35.548323], [33.287272, 35.548376], [33.287112, 35.548742], [33.289292, 35.551307], [33.290191, 35.551137], [33.289274, 35.55135], [33.289623, 35.551021], [33.289519, 35.55125], [33.289159, 35.550437], [33.289854, 35.551209], [33.289106, 35.551268], [33.288902, 35.551003], [33.289604, 35.550854], [33.285757, 35.551019], [33.28561, 35.55065], [33.285429, 35.551101], [33.285599, 35.550995], [33.287566, 35.551574], [33.287966, 35.551275], [33.287521, 35.552057]]","[33.264257, 35.548349]",friend
"[[33.269978, 35.549969], [33.269908, 35.549749], [33.2703, 35.550418], [33.270309, 35.549537], [33.270164, 35.550509], [33.270162, 35.550192], [33.274208, 35.549629], [33.27406, 35.549646], [33.273503, 35.550025], [33.268571, 35.553704], [33.268044, 35.554436], [33.267899, 35.553922]]","[[33.287197, 35.548475], [33.286428, 35.548597], [33.287253, 35.548908], [33.287214, 35.548486], [33.287112, 35.548767], [33.289939, 35.551701], [33.289805, 35.551458], [33.290153, 35.551155], [33.289866, 35.551402], [33.289737, 35.550612], [33.289075, 35.551284], [33.28959, 35.550545], [33.285354, 35.551426], [33.285199, 35.550844], [33.285271, 35.550622], [33.285785, 35.550831], [33.285969, 35.551457], [33.287637, 35.551918], [33.287863, 35.551677], [33.287568, 35.551212], [33.28778, 35.551851]]","[33.262117, 35.551265]",friend
"[[33.270297, 35.550056], [33.26948, 35.549866], [33.270385, 35.550437], [33.273649, 35.5506], [33.274325, 35.550017], [33.273541, 35.550257], [33.274389, 35.550451], [33.268698, 35.554176], [33.26856, 35.553816], [33.268135, 35.554043], [33.268747, 35.554508]]","[[33.286739, 35.548342], [33.286586, 35.548113], [33.287315, 35.548748], [33.286638, 35.548236], [33.286661, 35.548705], [33.290265, 35.551537], [33.28959, 35.551162], [33.289418, 35.550845], [33.289281, 35.550583], [33.288949, 35.550573], [33.289323, 35.551179], [33.288932, 35.55101], [33.285834, 35.551043], [33.285727, 35.550555], [33.285834, 35.550951], [33.285606, 35.551101], [33.285526, 35.55128], [33.285628, 35.550939], [33.287048, 35.551715], [33.287493, 35.55235], [33.286963, 35.552378], [33.28682, 35.552368], [33.286652, 35.552452], [33.286942, 35.552123]]","[33.286706, 35.555454]",foe
"[[33.269979, 35.549883], [33.269948, 35.550295], [33.270069, 35.550214], [33.274388, 35.550497], [33.273757, 35.550187], [33.274464, 35.549628], [33.268267, 35.554332], [33.268748, 35.553908], [33.268672, 35.553946]]","[[33.287448, 35.548871], [33.287181, 35.548859], [33.287643, 35.548075], [33.289787, 35.551297], [33.289802, 35.551271], [33.290361, 35.551347], [33.289547, 35.55094], [33.289629, 35.550364], [33.289709, 35.550957], [33.28892, 35.550764], [33.285605, 35.550201], [33.285766, 35.550793], [33.28549, 35.550273], [33.285756, 35.55026], [33.285374, 35.551139], [33.286687, 35.551737], [33.287622, 35.552404], [33.286678, 35.551834]]","[33.262275, 35.550031]",friend
"[[33.270337, 35.550113], [33.269613, 35.55017], [33.270087, 35.550522], [33.269834, 35.549549], [33.270141, 35.549916], [33.273947, 35.550305], [33.27375, 35.550387], [33.274427, 35.54989], [33.273853, 35.549968], [33.268485, 35.554124], [33.268907, 35.554701], [33.269112, 35.554249], [33.268857, 35.554219]]","[[33.287744, 35.548194], [33.287438, 35.548666], [33.287577, 35.548093], [33.287692, 35.548651], [33.289661, 35.551541], [33.28982, 35.551516], [33.290054, 35.550842], [33.289875, 35.550367], [33.289724, 35.550687], [33.289109, 35.550817], [33.28904, 35.551201], [33.289793, 35.551016], [33.289207, 35.551272], [33.285898, 35.550854], [33.285571, 35.550822], [33.285427, 35.550789], [33.285182, 35.550896], [33.285138, 35.550964], [33.28675, 35.551584], [33.28685, 35.55206], [33.286775, 35.55227], [33.287511, 35.551907], [33.287236, 35.551604]]","[33.272843, 35.560594]",friend
"[[33.270371, 35.550045], [33.269508, 35.550395], [33.270343, 35.550254], [33.274224, 35.550426], [33.273921, 35.550458], [33.273901, 35.550224], [33.268374, 35.554379], [33.268131, 35.554686], [33.269069, 35.554252], [33.268715, 35.55479], [33.268177, 35.554514], [33.268742, 35.553934]]","[[33.28817, 35.547914], [33.287942, 35.548454], [33.28726, 35.547783], [33.288183, 35.548163], [33.287789, 35.548488], [33.289983, 35.550906], [33.289991, 35.551097], [33.289711, 35.551721], [33.28972, 35.550852], [33.28941, 35.550492], [33.289638, 35.55054], [33.28921, 35.550421], [33.289049, 35.551142], [33.289079, 35.550607], [33.289824, 35.55056], [33.285197, 35.55071], [33.285007, 35.550237], [33.284931, 35.550507], [33.285354, 35.550828], [33.285257, 35.550519], [33.287111, 35.551615], [33.287094, 35.552271], [33.287396, 35.551956], [33.287342, 35.55229], [33.287586, 35.551533], [33.286854, 35.552306]]","[33.273275, 35.552131]",friend
"[[33.270389, 35.550344], [33.269807, 35.549695], [33.269479, 35.550269], [33.274068, 35.549887], [33.273609, 35.549677], [33.274148, 35.550172], [33.273787, 35.549746], [33.274231, 35.550223], [33.274531, 35.550448], [33.268907, 35.554819], [33.269135, 35.554871], [33.268253, 35.554422], [33.269054, 35.554784], [33.269089, 35.554532]]","[[33.287304, 35.548208], [33.287739, 35.548195], [33.288028, 35.548655], [33.287755, 35.547936], [33.288083, 35.548474], [33.2902, 35.551192], [33.290327, 35.550936], [33.289972, 35.551377], [33.290375, 35.551168], [33.289529, 35.550961], [33.29005, 35.551476], [33.289653, 35.550673], [33.289628, 35.551266], [33.288902, 35.550836], [33.289471, 35.550452], [33.288972, 35.550822], [33.289171, 35.551271], [33.285615, 35.550471], [33.285698, 35.550611], [33.284966, 35.550895], [33.285461, 35.550529], [33.287369, 35.551985], [33.287013, 35.552051], [33.286985, 35.552145], [33.287024, 35.551864], [33.286757, 35.55197], [33.286718, 35.551592]]","[33.287783, 35.545969]",foe
"[[33.269528, 35.550415], [33.27018, 35.550367], [33.269744, 35.549606], [33.274625, 35.550178], [33.273847, 35.550506], [33.274141, 35.550055], [33.274457, 35.550726], [33.274666, 35.550167], [33.274036, 35.549882], [33.268578, 35.555038], [33.269276, 35.554668], [33.268565, 35.555274], [33.269165, 35.554833], [33.269499, 35.555143], [33.268924, 35.555344]]","[[33.287218, 35.548981], [33.286786, 35.548674], [33.287582, 35.548613], [33.289708, 35.551566], [33.289739, 35.551292], [33.290383, 35.551316], [33.290024, 35.551507], [33.289323, 35.550832], [33.289304, 35.550807], [33.289279, 35.550981], [33.289779, 35.550807], [33.289093, 35.550839], [33.289813, 35.550997], [33.285146, 35.551083], [33.284971, 35.550442], [33.285147, 35.5502], [33.285128, 35.550177], [33.285898, 35.550575], [33.287388, 35.552296], [33.287121, 35.551629], [33.287363, 35.551636], [33.287448, 35.551543]]","[33.282671, 35.547713]",foe
"[[33.270017, 35.55014], [33.269557, 35.549809], [33.269468, 35.549976], [33.270143, 35.549989], [33.270105, 35.550212], [33.274124, 35.549884], [33.273917, 35.550532], [33.274068, 35.55058], [33.273769, 35.550653], [33.269277, 35.555102], [33.268988, 35.554854], [33.268881, 35.555294], [33.269153, 35.554754]]","[[33.287426, 35.547789], [33.287845, 35.54776], [33.287366, 35.548297], [33.287862, 35.548403], [33.290478, 35.551415], [33.289753, 35.551968], [33.289726, 35.552106], [33.290439, 35.552204], [33.289096, 35.550748], [33.28893, 35.550573], [33.289547, 35.550457], [33.289711, 35.550739], [33.289889, 35.550804], [33.28524, 35.550913], [33.285126, 35.550473], [33.285145, 35.551073], [33.284932, 35.551117], [33.287453, 35.552468], [33.287155, 35.552327], [33.287366, 35.552029], [33.287658, 35.552373], [33.286787, 35.552093], [33.286968, 35.551591]]","[33.264469, 35.54749]",friend
"[[33.270096, 35.550391], [33.269896, 35.550399], [33.269693, 35.550051], [33.270388, 35.549772], [33.269835, 35.549533], [33.274674, 35.549969], [33.274685, 35.550554], [33.273958, 35.550569], [33.268654, 35.554471], [33.268656, 35.554897], [33.269331, 35.554624], [33.269055, 35.554606], [33.268701, 35.554979]]","[[33.287225, 35.548245], [33.288046, 35.548206], [33.28756, 35.548279], [33.287691, 35.548616], [33.287615, 35.547726], [33.289618, 35.551323], [33.290415, 35.55133], [33.290519, 35.551602], [33.28973, 35.551867], [33.289593, 35.551353], [33.289535, 35.550962], [33.289595, 35.550718], [33.289698, 35.550432], [33.2894, 35.550579], [33.289289, 35.55105], [33.285538, 35.550263], [33.285577, 35.55043], [33.285232, 35.551056], [33.287492, 35.55233], [33.287282, 35.552436], [33.28749, 35.552645], [33.287253, 35.551914]]","[33.264147, 35.554791]",friend
"[[33.270348, 35.549785], [33.269424, 35.550092], [33.269634, 35.550288], [33.269829, 35.550151], [33.269874, 35.550232], [33.2741, 35.550445], [33.273956, 35.549791], [33.273796, 35.549868], [33.274481, 35.550374], [33.269366, 35.554366], [33.269451, 35.554384], [33.268832, 35.555029], [33.269097, 35.554595], [33.268674, 35.555121], [33.269258, 35.555072]]","[[33.288342, 35.548735], [33.288377, 35.548626], [33.288413, 35.54857], [33.288432, 35.548979], [33.288102, 35.548604], [33.288075, 35.548405], [33.28992, 35.552262], [33.290453, 35.552006], [33.289706, 35.551567], [33.290002, 35.551479], [33.289194, 35.550972], [33.289589, 35.550735], [33.289663, 35.551175], [33.289663, 35.551098], [33.285627, 35.550712], [33.285376, 35.550302], [33.285445, 35.550697], [33.285009, 35.550693], [33.287237, 35.552782], [33.287701, 35.552595], [33.287906, 35.552389], [33.287452, 35.552077]]","[33.267302, 35.542623]",friend
"[[33.270345, 35.549775], [33.26944, 35.550445], [33.269553, 35.55041], [33.270082, 35.550139], [33.274648, 35.55025], [33.274221, 35.549941], [33.274675, 35.550132], [33.268907, 35.555066], [33.269381, 35.555332], [33.268631, 35.554858], [33.269396, 35.555129], [33.269216, 35.554815], [33.269347, 35.555242]]","[[33.287597, 35.548467], [33.287867, 35.54899], [33.28782, 35.548656], [33.290182, 35.552143], [33.28974, 35.551977], [33.290188, 35.551571], [33.289849, 35.550999], [33.288906, 35.550713], [33.289042, 35.551074], [33.289157, 35.550637], [33.285264, 35.550637], [33.285358, 35.550248], [33.285478, 35.550679], [33.287293, 35.552226], [33.287421, 35.552073], [33.287713, 35.552748], [33.287694, 35.552477]]","[33.269396, 35.544394]",friend
"[[33.270369, 35.550183], [33.270042, 35.550464], [33.269513, 35.549885], [33.274209, 35.549751], [33.274102, 35.550198], [33.274291, 35.550149], [33.274458, 35.550121], [33.274144, 35.549771], [33.273936, 35.549521], [33.268699, 35.55534], [33.269198, 35.555309], [33.269387, 35.554445], [33.268649, 35.554744], [33.268728, 35.554548], [33.269156, 35.555292]]","[[33.288049, 35.548526], [33.287685, 35.548376], [33.287651, 35.548445], [33.288298, 35.549065], [33.288089, 35.549086], [33.290257, 35.552635], [33.289668, 35.551901], [33.289986, 35.552336], [33.28947, 35.551828], [33.288901, 35.55119], [33.289093, 35.551285], [33.289518, 35.551035], [33.285455, 35.550753], [33.284895, 35.550735], [33.28547, 35.551481], [33.287581, 35.552879], [33.287395, 35.552061], [33.287973, 35.552005], [33.287186, 35.551941]]","[33.280921, 35.540415]",foe
"[[33.269754, 35.549842], [33.269804, 35.549879], [33.270315, 35.549886], [33.269962, 35.550264], [33.269608, 35.550237], [33.274265, 35.550143], [33.274599, 35.550419], [33.274071, 35.549547], [33.269464, 35.555345], [33.269062, 35.555115], [33.2686, 35.555251]]","[[33.287976, 35.548251], [33.287912, 35.548677], [33.287722, 35.549074], [33.288094, 35.549087], [33.287634, 35.549079], [33.287998, 35.5482], [33.290197, 35.552508], [33.289903, 35.55172], [33.290009, 35.552197], [33.29022, 35.551856], [33.290295, 35.552172], [33.290186, 35.551975], [33.28968, 35.550989], [33.28895, 35.550962], [33.289481, 35.550811], [33.289335, 35.550761], [33.285296, 35.55108], [33.285093, 35.550828], [33.285496, 35.550251], [33.287223, 35.552105], [33.287164, 35.551885], [33.287117, 35.552392], [33.288008, 35.552243]]","[33.281269, 35.545522]",foe
"[[33.270349, 35.550267], [33.27025, 35.5496], [33.269776, 35.550018], [33.274182, 35.550406], [33.274465, 35.550056], [33.273896, 35.55032], [33.273842, 35.54959], [33.274054, 35.549883], [33.274372, 35.550299], [33.268714, 35.554872], [33.268597, 35.554494], [33.26902, 35.554747], [33.268982, 35.554395]]","[[33.288298, 35.548693], [33.288541, 35.548216], [33.288098, 35.549031], [33.290046, 35.552175], [33.289704, 35.551922], [33.290168, 35.552064], [33.289712, 35.552674], [33.289346, 35.552321], [33.289759, 35.552145], [33.289784, 35.550393], [33.289755, 35.551031], [33.289117, 35.550508], [33.289869, 35.550633], [33.285658, 35.550845], [33.285786, 35.550963], [33.285122, 35.551093], [33.287141, 35.551587], [33.28753, 35.551435], [33.287813, 35.551699], [33.287622, 35.55167], [33.287885, 35.552401]]","[33.280526, 35.558061]",foe
"[[33.269512, 35.550388], [33.269944, 35.549997], [33.269743, 35.549921], [33.270342, 35.550415], [33.26981, 35.549948], [33.269797, 35.550234], [33.274109, 35.550029], [33.274189, 35.549477], [33.27395, 35.550146], [33.26871, 35.554594], [33.268791, 35.55486], [33.26948, 35.554926], [33.269546, 35.554393], [33.269074, 35.555358]]","[[33.288531, 35.548736], [33.288275, 35.548981], [33.288232, 35.548482], [33.288417, 35.548506], [33.287775, 35.548633], [33.290282, 35.551685], [33.290234, 35.552198], [33.289998, 35.552371], [33.28973, 35.551485], [33.289945, 35.551518], [33.288561, 35.55095], [33.28859, 35.551336], [33.289262, 35.550608], [33.28906, 35.551514], [33.28928, 35.55072], [33.286099, 35.550662], [33.285872, 35.550604], [33.286083, 35.550402], [33.286073, 35.550214], [33.287845, 35.551467], [33.287846, 35.552088], [33.287878, 35.551595]]","[33.277065, 35.539615]",friend
"[[33.269633, 35.550286], [33.269704, 35.549882], [33.269705, 35.549551], [33.269684, 35.550117], [33.269435, 35.54972], [33.274125, 35.549701], [33.274386, 35.549845], [33.273845, 35.550109], [33.27381, 35.549561], [33.268811, 35.554445], [33.269545, 35.55456], [33.269349, 35.554476], [33.269033, 35.554864]]","[[33.288031, 35.548546], [33.287718, 35.548916], [33.28791, 35.548783], [33.288117, 35.548225], [33.288427, 35.548631], [33.289941, 35.551867], [33.289017, 35.552546], [33.289526, 35.552145], [33.289101, 35.552028], [33.28891, 35.550898], [33.288935, 35.551565], [33.28923, 35.550759], [33.289278, 35.551589], [33.289296, 35.550972], [33.288702, 35.550769], [33.285653, 35.550364], [33.286164, 35.550399], [33.286273, 35.550057], [33.285838, 35.550693], [33.2876, 35.552263], [33.287938, 35.551884], [33.287352, 35.551528], [33.287868, 35.551768], [33.287987, 35.552082], [33.287549, 35.552038]]","[33.263987, 35.550473]",friend
"[[33.270063, 35.550447], [33.27025, 35.550412], [33.269758, 35.549748], [33.270281, 35.549638], [33.269987, 35.549815], [33.274403, 35.549531], [33.274034, 35.550079], [33.27425, 35.550142], [33.274675, 35.550306], [33.269499, 35.555321], [33.268761, 35.555076], [33.268939, 35.55474], [33.269128, 35.554875], [33.269425, 35.555261], [33.269091, 35.554606]]","[[33.287971, 35.548467], [33.288078, 35.548434], [33.287917, 35.548487], [33.287806, 35.548912], [33.287721, 35.548503], [33.287755, 35.548961], [33.289742, 35.551991], [33.289821, 35.551798], [33.289543, 35.552213], [33.288518, 35.551452], [33.288931, 35.551201], [33.28848, 35.551214], [33.28946, 35.551275], [33.288801, 35.550673], [33.288668, 35.550968], [33.28602, 35.549822], [33.28636, 35.550591], [33.285944, 35.550789], [33.286209, 35.549954], [33.285655, 35.550138], [33.287851, 35.551421], [33.287745, 35.552107], [33.287975, 35.551768], [33.28779, 35.551817]]","[33.275519, 35.548814]",friend
"[[33.269502, 35.549944], [33.269855, 35.550394], [33.269348, 35.550405], [33.269866, 35.549449], [33.26908, 35.550064], [33.269616, 35.549769], [33.274552, 35.549246], [33.27488, 35.549796], [33.273981, 35.549637], [33.273982, 35.549529], [33.274251, 35.549514], [33.274919, 35.549768], [33.268799, 35.555527], [33.268513, 35.555569], [33.269126, 35.554814], [33.268978, 35.554938]]","[[33.287724, 35.548987], [33.287704, 35.548908], [33.288323, 35.548356], [33.287764, 35.548119], [33.289812, 35.552008], [33.289865, 35.552352], [33.28922, 35.552953], [33.289715, 35.552492], [33.289114, 35.551272], [33.289204, 35.550966], [33.289455, 35.550976], [33.286096, 35.55027], [33.286038, 35.550586], [33.286057, 35.550612], [33.285892, 35.549879], [33.286014, 35.550142], [33.287133, 35.552489], [33.287565, 35.552226], [33.287742, 35.552271], [33.286977, 35.55263]]","[33.28929, 35.543718]",foe
"[[33.268969, 35.549898], [33.269769, 35.549797], [33.269259, 35.550104], [33.273938, 35.549567], [33.274202, 35.54981], [33.274401, 35.549635], [33.273954, 35.54988], [33.268275, 35.555068], [33.268653, 35.555286], [33.268486, 35.555013], [33.268741, 35.555093]]","[[33.288113, 35.548412], [33.288531, 35.548171], [33.287678, 35.549064], [33.289778, 35.552025], [33.289744, 35.552619], [33.289879, 35.551979], [33.290108, 35.552109], [33.28892, 35.550984], [33.289246, 35.551356], [33.288944, 35.551797], [33.289611, 35.551625], [33.286052, 35.550518], [33.285608, 35.550207], [33.285941, 35.550726], [33.285525, 35.550247], [33.287932, 35.552073], [33.287075, 35.552432], [33.287429, 35.552476], [33.286981, 35.552258], [33.287847, 35.552478]]","[33.279395, 35.543384]",foe
"[[33.26944, 35.550019], [33.269518, 35.550221], [33.269691, 35.550368], [33.269827, 35.549793], [33.269823, 35.55023], [33.274221, 35.549086], [33.274671, 35.549306], [33.27465, 35.549869], [33.269131, 35.554731], [33.268438, 35.555361], [33.268579, 35.555045], [33.268333, 35.554907], [33.268777, 35.554916]]","[[33.28855, 35.548499], [33.288404, 35.54857], [33.288412, 35.54844], [33.288882, 35.553162], [33.28942, 35.552749], [33.288929, 35.553009], [33.288766, 35.553213], [33.289133, 35.552507], [33.288544, 35.551795], [33.289218, 35.551125], [33.288842, 35.551431], [33.288993, 35.551365], [33.289018, 35.551387], [33.288949, 35.551089], [33.285746, 35.55031], [33.285412, 35.55071], [33.285407, 35.550102], [33.286199, 35.550713], [33.286247, 35.55039], [33.287783, 35.552718], [33.287796, 35.552153], [33.287724, 35.552699], [33.287784, 35.552597], [33.287817, 35.552182], [33.287765, 35.551923]]","[33.260985, 35.548719]",friend
"[[33.269635, 35.549681], [33.269531, 35.550065], [33.26926, 35.550045], [33.269909, 35.550037], [33.269833, 35.549452], [33.26928, 35.54977], [33.274407, 35.549447], [33.274703, 35.54926], [33.273935, 35.549208], [33.274456, 35.549384], [33.274078, 35.549978], [33.268718, 35.554738], [33.268738, 35.554519], [33.268834, 35.554928], [33.268236, 35.554943], [33.268269, 35.554534], [33.268558, 35.555021]]","[[33.287597, 35.548781], [33.287827, 35.548368], [33.287927, 35.548879], [33.28812, 35.548542], [33.287687, 35.54878], [33.289569, 35.55206], [33.289837, 35.552536], [33.289165, 35.552677], [33.289786, 35.552162], [33.289736, 35.552116], [33.2894, 35.551104], [33.288617, 35.551784], [33.289258, 35.551664], [33.289142, 35.551212], [33.289021, 35.55146], [33.286045, 35.549896], [33.286267, 35.550109], [33.28592, 35.550343], [33.286278, 35.549817], [33.285879, 35.549956], [33.288035, 35.552874], [33.287656, 35.55221], [33.287791, 35.552169], [33.288085, 35.552219], [33.287643, 35.552409]]","[33.278355, 35.541045]",friend
"[[33.269448, 35.549955], [33.268978, 35.549432], [33.269365, 35.549768], [33.2745, 35.549625], [33.274573, 35.549255], [33.274915, 35.549279], [33.26886, 35.554575], [33.268266, 35.554235], [33.268687, 35.555007], [33.268916, 35.554432], [33.268858, 35.554841]]","[[33.288692, 35.54864], [33.287988, 35.549068], [33.288062, 35.548482], [33.288133, 35.54937], [33.288239, 35.549171], [33.289589, 35.55264], [33.289098, 35.552805], [33.289164, 35.552218], [33.289531, 35.552791], [33.289069, 35.55182], [33.288577, 35.551406], [33.289051, 35.551527], [33.286455, 35.550302], [33.285889, 35.549771], [33.286365, 35.550668], [33.286332, 35.549881], [33.286043, 35.550387], [33.287635, 35.552541], [33.288004, 35.552724], [33.287982, 35.552108], [33.28823, 35.552852]]","[33.269668, 35.56233]",friend
"[[33.269548, 35.549457], [33.269155, 35.550193], [33.269115, 35.550386], [33.274593, 35.549143], [33.274434, 35.549515], [33.273801, 35.549385], [33.27397, 35.549328], [33.268516, 35.554904], [33.268843, 35.554263], [33.268485, 35.554693]]","[[33.288525, 35.548984], [33.287807, 35.548481], [33.28812, 35.548968], [33.288396, 35.549361], [33.288505, 35.54852], [33.288288, 35.549162], [33.289615, 35.552055], [33.289041, 35.552915], [33.289452, 35.552657], [33.289345, 35.552159], [33.28853, 35.551511], [33.288846, 35.551937], [33.288795, 35.551175], [33.288839, 35.551189], [33.288629, 35.551967], [33.289011, 35.551832], [33.28617, 35.550406], [33.286106, 35.550586], [33.286088, 35.550042], [33.28617, 35.549974], [33.286136, 35.549867], [33.288072, 35.552386], [33.287837, 35.552904], [33.287476, 35.552413]]","[33.269832, 35.556707]",friend
"[[33.269416, 35.549019], [33.269732, 35.549383], [33.269456, 35.5499], [33.269152, 35.549632], [33.269496, 35.549382], [33.273938, 35.549143], [33.274216, 35.549801], [33.274295, 35.549602], [33.273854, 35.549056], [33.274529, 35.549685], [33.274429, 35.549188], [33.26816, 35.55455], [33.268502, 35.554757], [33.268409, 35.554909], [33.268857, 35.554208], [33.268813, 35.554623], [33.268541, 35.554302]]","[[33.288562, 35.548728], [33.287916, 35.548819], [33.287962, 35.548804], [33.288189, 35.548783], [33.288935, 35.552445], [33.28905, 35.552753], [33.289762, 35.552707], [33.289417, 35.55215], [33.288955, 35.551149], [33.288636, 35.551315], [33.288862, 35.55186], [33.289378, 35.551838], [33.288928, 35.551338], [33.286148, 35.550317], [33.285959, 35.549714], [33.286395, 35.55004], [33.286435, 35.549765], [33.286624, 35.550515], [33.287729, 35.552637], [33.287951, 35.552721], [33.287284, 35.552089]]","[33.28468, 35.54411]",foe
"[[33.270532, 35.549494], [33.269703, 35.549507], [33.270451, 35.549138], [33.269684, 35.549164], [33.270483, 35.548878], [33.27416, 35.548981], [33.274516, 35.549656], [33.273939, 35.549501], [33.273907, 35.549389], [33.274184, 35.549788], [33.274022, 35.549774], [33.268851, 35.554148], [33.268837, 35.555091], [33.26818, 35.554765], [33.268536, 35.554404], [33.268603, 35.554916], [33.268203, 35.555111]]","[[33.288581, 35.548896], [33.288299, 35.548416], [33.288571, 35.548524], [33.28847, 35.548767], [33.289216, 35.552591], [33.289771, 35.552088], [33.289233, 35.552291], [33.288528, 35.550983], [33.288584, 35.551314], [33.289222, 35.551936], [33.288794, 35.551813], [33.289089, 35.551806], [33.286816, 35.55049], [33.286118, 35.550554], [33.286658, 35.549903], [33.286158, 35.549843], [33.286129, 35.549761], [33.286192, 35.550214], [33.287064, 35.552753], [33.287503, 35.552164], [33.287849, 35.55245], [33.287616, 35.55253]]","[33.263411, 35.558859]",friend
"[[33.270738, 35.54873], [33.270747, 35.548908], [33.270706, 35.54865], [33.270452, 35.548883], [33.270405, 35.549309], [33.270069, 35.548854], [33.274085, 35.549826], [33.274555, 35.549052], [33.273996, 35.549524], [33.268979, 35.554943], [33.26881, 35.554792], [33.268623, 35.554955]]","[[33.288391, 35.549012], [33.287883, 35.549116], [33.288376, 35.549219], [33.288367, 35.548743], [33.288035, 35.549159], [33.288679, 35.548704], [33.28931, 35.552826], [33.289817, 35.552289], [33.289352, 35.552706], [33.288991, 35.551286], [33.288707, 35.551651], [33.288947, 35.551957], [33.288912, 35.551386], [33.289077, 35.551336], [33.289159, 35.551863], [33.285663, 35.549556], [33.285558, 35.549833], [33.286449, 35.549627], [33.285809, 35.549551], [33.286109, 35.550259], [33.286535, 35.549625], [33.286993, 35.552432], [33.287036, 35.552862], [33.287355, 35.552743], [33.287857, 35.55226]]","[33.271691, 35.548388]",friend
"[[33.270544, 35.548599], [33.270209, 35.548488], [33.270875, 35.549034], [33.274244, 35.548913], [33.273957, 35.549156], [33.274183, 35.549365], [33.274449, 35.549545], [33.273886, 35.549109], [33.268639, 35.554683], [33.26827, 35.554379], [33.268138, 35.554388], [33.268855, 35.554222]]","[[33.287808, 35.549273], [33.288159, 35.548666], [33.28832, 35.549021], [33.288078, 35.54885], [33.287868, 35.549004], [33.288579, 35.548605], [33.289508, 35.552423], [33.289332, 35.552707], [33.289206, 35.55243], [33.289308, 35.551972], [33.289602, 35.55288], [33.289838, 35.552462], [33.288626, 35.551643], [33.289109, 35.55149], [33.288921, 35.551807], [33.289266, 35.551592], [33.28867, 35.551249], [33.289134, 35.551589], [33.286322, 35.549773], [33.286089, 35.549928], [33.286094, 35.550302], [33.286158, 35.54983], [33.285637, 35.54994], [33.286353, 35.549812], [33.287446, 35.552961], [33.287541, 35.552213], [33.286959, 35.552467], [33.287538, 35.552469]]","[33.277124, 35.555084]",friend
"[[33.270506, 35.549432], [33.270745, 35.549197], [33.270721, 35.548538], [33.270118, 35.549128], [33.270634, 35.548927], [33.269959, 35.548609], [33.274017, 35.549476], [33.274015, 35.549828], [33.274259, 35.549023], [33.273756, 35.549557], [33.273952, 35.549612], [33.268302, 35.554126], [33.268893, 35.555125], [33.268625, 35.554542]]","[[33.288524, 35.548374], [33.28779, 35.54931], [33.288652, 35.549257], [33.287978, 35.549204], [33.287906, 35.548468], [33.287701, 35.549146], [33.289795, 35.552886], [33.28969, 35.5522], [33.28964, 35.552269], [33.288945, 35.551958], [33.288688, 35.551847], [33.288811, 35.551294], [33.288428, 35.551807], [33.288798, 35.551825], [33.289131, 35.551843], [33.286018, 35.549622], [33.286012, 35.55003], [33.286395, 35.549403], [33.286324, 35.549946], [33.286309, 35.549367], [33.285996, 35.549819], [33.287945, 35.552282], [33.287361, 35.552232], [33.287797, 35.552571]]","[33.267939, 35.541555]",friend
"[[33.269726, 35.549013], [33.269894, 35.549675], [33.269783, 35.548928], [33.269647, 35.549502], [33.269629, 35.549522], [33.274523, 35.549627], [33.273805, 35.549631], [33.274304, 35.549215], [33.274555, 35.549802], [33.268678, 35.554622], [33.269173, 35.554962], [33.268603, 35.554998], [33.268637, 35.554594], [33.268576, 35.55491], [33.268697, 35.554766]]","[[33.287861, 35.548688], [33.288006, 35.548408], [33.287891, 35.548428], [33.288287, 35.548901], [33.288662, 35.549165], [33.288379, 35.549044], [33.289378, 35.552161], [33.288946, 35.55194], [33.289647, 35.551807], [33.289108, 35.551392], [33.289305, 35.551689], [33.289347, 35.551533], [33.288602, 35.551064], [33.288823, 35.551557], [33.285891, 35.549803], [33.28591, 35.550261], [33.286223, 35.549525], [33.286374, 35.549724], [33.287028, 35.552301], [33.287117, 35.552538], [33.287862, 35.552528], [33.28703, 35.552967]]","[33.26797, 35.556587]",friend
"[[33.270332, 35.548952], [33.269861, 35.548946], [33.270188, 35.549663], [33.270151, 35.549057], [33.2701, 35.548797], [33.274124, 35.549828], [33.273488, 35.549907], [33.273659, 35.549624], [33.268775, 35.554966], [33.268913, 35.554558], [33.268877, 35.55483], [33.268587, 35.554598], [33.268726, 35.554535], [33.268534, 35.554085]]","[[33.288531, 35.548533], [33.288104, 35.549172], [33.288124, 35.548769], [33.288172, 35.549153], [33.288531, 35.549154], [33.289744, 35.551699], [33.290115, 35.551888], [33.289185, 35.55172], [33.289995, 35.551798], [33.289655, 35.552052], [33.288624, 35.5517], [33.289275, 35.550984], [33.288495, 35.551468], [33.289021, 35.551126], [33.289038, 35.551389], [33.285641, 35.549437], [33.28534, 35.550068], [33.285755, 35.549564], [33.286147, 35.549948], [33.285529, 35.550281], [33.286239, 35.549585], [33.287747, 35.552201], [33.287223, 35.55283], [33.2875, 35.552824], [33.287523, 35.552767], [33.286969, 35.552915]]","[33.273326, 35.541528]",friend
"[[33.270294, 35.548745], [33.270232, 35.548602], [33.270003, 35.549084], [33.270343, 35.549429], [33.273928, 35.549782], [33.274049, 35.549971], [33.274417, 35.549552], [33.27378, 35.549846], [33.273832, 35.549683], [33.273553, 35.550172], [33.268817, 35.554155], [33.269135, 35.55436], [33.268917, 35.554713], [33.269267, 35.554813], [33.269223, 35.554708], [33.268777, 35.554321]]","[[33.288171, 35.548913], [33.288615, 35.54882], [33.288587, 35.548511], [33.289919, 35.552245], [33.289613, 35.551721], [33.289782, 35.552172], [33.28994, 35.551833], [33.28973, 35.551823], [33.289426, 35.552384], [33.288794, 35.55191], [33.288645, 35.551084], [33.288996, 35.551551], [33.288659, 35.551728], [33.286247, 35.550059], [33.286211, 35.549366], [33.285846, 35.550162], [33.288062, 35.552955], [33.287204, 35.553113], [33.287413, 35.552487], [33.287974, 35.553039], [33.287994, 35.552446]]","[33.262362, 35.552453]",friend
"[[33.270022, 35.548784], [33.270384, 35.548988], [33.269446, 35.549306], [33.269824, 35.549301], [33.269693, 35.548918], [33.273658, 35.549653], [33.273847, 35.54977], [33.273777, 35.549837], [33.273769, 35.549319], [33.26867, 35.553979], [33.269263, 35.554115], [33.268599, 35.554414], [33.269133, 35.554544], [33.26944, 35.554151], [33.268659, 35.554383]]","[[33.288359, 35.549078], [33.288381, 35.549068], [33.287703, 35.548437], [33.290343, 35.552431], [33.290156, 35.552118], [33.290328, 35.55149], [33.289877, 35.551791], [33.289756, 35.552047], [33.289222, 35.551606], [33.288587, 35.551589], [33.289077, 35.551939], [33.285802, 35.550203], [33.285898, 35.549936], [33.285531, 35.549967], [33.285336, 35.550125], [33.285591, 35.549402], [33.285893, 35.549517], [33.287966, 35.553098], [33.287675, 35.552665], [33.287322, 35.553088], [33.288164, 35.553465], [33.287336, 35.552685]]","[33.271223, 35.553557]",friend
"[[33.269299, 35.549336], [33.270103, 35.548975], [33.269279, 35.548939], [33.274489, 35.549622], [33.273544, 35.550065], [33.273967, 35.5497], [33.273814, 35.549775], [33.268931, 35.554671], [33.268997, 35.554799], [33.269284, 35.554531], [33.269337, 35.554579]]","[[33.287845, 35.548435], [33.288247, 35.548729], [33.28843, 35.548294], [33.287811, 35.548983], [33.289887, 35.551646], [33.290028, 35.551714], [33.289737, 35.551747], [33.289027, 35.551741], [33.289412, 35.55112], [33.288734, 35.551957], [33.289128, 35.551262], [33.289298, 35.551394], [33.288821, 35.551226], [33.285502, 35.549718], [33.285788, 35.549845], [33.285987, 35.550075], [33.285539, 35.549771], [33.285839, 35.5496], [33.288593, 35.552761], [33.287951, 35.552435], [33.287704, 35.552756], [33.288581, 35.553089], [33.288275, 35.552395], [33.287636, 35.552339]]","[33.261908, 35.542918]",friend
"[[33.269707, 35.54861], [33.270153, 35.548394], [33.269993, 35.548739], [33.269582, 35.548716], [33.269819, 35.548803], [33.2744, 35.549438], [33.273826, 35.550177], [33.274146, 35.549452], [33.274053, 35.549964], [33.273859, 35.549344], [33.274351, 35.549348], [33.269063, 35.553992], [33.269062, 35.554161], [33.269096, 35.553701], [33.269653, 35.554366], [33.269825, 35.553707]]","[[33.287934, 35.548189], [33.288198, 35.549047], [33.288525, 35.548813], [33.288614, 35.548375], [33.289693, 35.551794], [33.289873, 35.552275], [33.289457, 35.552482], [33.288628, 35.551156], [33.288462, 35.551851], [33.289162, 35.551282], [33.289032, 35.55194], [33.286192, 35.549818], [33.285869, 35.549535], [33.285329, 35.550152], [33.288061, 35.553028], [33.288532, 35.552508], [33.28825, 35.552224]]","[33.274636, 35.55218]",friend
"[[33.269277, 35.548424], [33.269865, 35.548939], [33.269455, 35.548888], [33.273674, 35.549407], [33.274164, 35.549452], [33.274075, 35.549447], [33.273888, 35.549322], [33.273563, 35.54934], [33.268914, 35.554526], [33.269078, 35.554028], [33.269815, 35.553838]]","[[33.288025, 35.54817], [33.288134, 35.548294], [33.288084, 35.548656], [33.287759, 35.548414], [33.287964, 35.54908], [33.288331, 35.548439], [33.289381, 35.552099], [33.290022, 35.552597], [33.289568, 35.552201], [33.289641, 35.552101], [33.289571, 35.552031], [33.289289, 35.550981], [33.289152, 35.551229], [33.289414, 35.551097], [33.289658, 35.551714], [33.28941, 35.55117], [33.285359, 35.549854], [33.286048, 35.549685], [33.285976, 35.549519], [33.286226, 35.550171], [33.286264, 35.550229], [33.28589, 35.549574], [33.288228, 35.5527], [33.289081, 35.553175], [33.288681, 35.553549]]","[33.278201, 35.543219]",friend
"[[33.269237, 35.549084], [33.269603, 35.549286], [33.269282, 35.548592], [33.269731, 35.548638], [33.270034, 35.548483], [33.27357, 35.549543], [33.273538, 35.549411], [33.273718, 35.550074], [33.274312, 35.549488], [33.273786, 35.549387], [33.270047, 35.553459], [33.270171, 35.554019], [33.269936, 35.554127], [33.269975, 35.55378], [33.269655, 35.553849], [33.270067, 35.554055]]","[[33.287976, 35.548271], [33.287863, 35.548458], [33.288053, 35.548275], [33.288391, 35.5491], [33.288568, 35.549088], [33.289616, 35.551585], [33.290347, 35.55177], [33.289962, 35.55163], [33.290271, 35.552163], [33.290425, 35.551849], [33.289203, 35.551772], [33.289615, 35.551035], [33.289121, 35.551346], [33.289503, 35.551511], [33.28892, 35.551207], [33.288768, 35.551091], [33.286169, 35.549469], [33.285602, 35.550012], [33.285787, 35.549986], [33.287836, 35.553616], [33.288687, 35.554036], [33.288055, 35.553557]]","[33.272123, 35.555364]",friend
"[[33.269776, 35.549575], [33.269781, 35.549497], [33.269436, 35.549296], [33.269712, 35.548848], [33.269361, 35.54874], [33.2696, 35.548672], [33.274409, 35.549967], [33.27408, 35.550049], [33.273551, 35.549524], [33.270197, 35.553875], [33.269474, 35.553561], [33.269928, 35.553981]]","[[33.288051, 35.54827], [33.288348, 35.54835], [33.287984, 35.548959], [33.288422, 35.548922], [33.287737, 35.548548], [33.290541, 35.5525], [33.290452, 35.552384], [33.290014, 35.55165], [33.289112, 35.550806], [33.289355, 35.551076], [33.289178, 35.551528], [33.285295, 35.550274], [33.285299, 35.549391], [33.286223, 35.549807], [33.288072, 35.553544], [33.288197, 35.554048], [33.288445, 35.553608]]","[33.274589, 35.547812]",friend
"[[33.268622, 35.549073], [33.268556, 35.549071], [33.269345, 35.548471], [33.269432, 35.548479], [33.274232, 35.549499], [33.274351, 35.550104], [33.274457, 35.549739], [33.274083, 35.549906], [33.269704, 35.554103], [33.269167, 35.554593], [33.269838, 35.553599], [33.2691, 35.553614]]","[[33.28805, 35.548944], [33.287649, 35.548673], [33.287716, 35.54886], [33.289741, 35.551258], [33.29032, 35.551404], [33.290322, 35.551954], [33.289576, 35.551791], [33.289081, 35.551141], [33.289217, 35.550947], [33.289057, 35.551651], [33.286252, 35.549968], [33.285924, 35.549683], [33.285952, 35.549584], [33.286176, 35.549592], [33.286057, 35.549874], [33.28788, 35.553982], [33.288315, 35.553975], [33.287868, 35.55402], [33.28843, 35.55309], [33.288273, 35.553855]]","[33.26189, 35.553477]",friend
"[[33.268468, 35.548351], [33.268563, 35.549084], [33.268768, 35.548488], [33.27432, 35.55035], [33.274921, 35.550137], [33.274338, 35.549507], [33.269198, 35.553965], [33.269383, 35.553961], [33.269386, 35.553916], [33.269121, 35.554455], [33.269808, 35.55408]]","[[33.288323, 35.548919], [33.288326, 35.548259], [33.287728, 35.548437], [33.288087, 35.548293], [33.288366, 35.548398], [33.290126, 35.551508], [33.289761, 35.551697], [33.28994, 35.551802], [33.289688, 35.55212], [33.288917, 35.551739], [33.289473, 35.551453], [33.289398, 35.551713], [33.2892, 35.551218], [33.286025, 35.549602], [33.286004, 35.549377], [33.285952, 35.54997], [33.285769, 35.549423], [33.285931, 35.549336], [33.286024, 35.549691], [33.28782, 35.553775], [33.288371, 35.55311], [33.288074, 35.55359], [33.287814, 35.55351], [33.287943, 35.5532], [33.288502, 35.553657]]","[33.27687, 35.543549]",friend
"[[33.268738, 35.548524], [33.268436, 35.548658], [33.269081, 35.548824], [33.269135, 35.548312], [33.275053, 35.550016], [33.274128, 35.549411], [33.274458, 35.549278], [33.269754, 35.554005], [33.269712, 35.553631], [33.269831, 35.55361], [33.269778, 35.55426], [33.269712, 35.553646]]","[[33.288417, 35.548482], [33.288636, 35.548553], [33.288357, 35.54861], [33.289777, 35.551995], [33.289754, 35.551724], [33.290531, 35.551981], [33.2897, 35.552184], [33.289482, 35.551458], [33.289361, 35.551689], [33.289481, 35.551179], [33.288882, 35.551018], [33.289412, 35.551147], [33.284705, 35.549546], [33.285447, 35.548764], [33.285293, 35.549297], [33.284719, 35.549434], [33.28538, 35.549052], [33.2886, 35.553906], [33.288125, 35.553128], [33.288087, 35.553718], [33.288014, 35.553962], [33.288007, 35.553825], [33.288674, 35.553269]]","[33.283921, 35.53956]",foe
"[[33.269239, 35.548849], [33.268417, 35.549099], [33.268448, 35.548281], [33.268368, 35.549055], [33.26902, 35.54869], [33.274237, 35.549121], [33.274187, 35.549973], [33.274433, 35.549333], [33.274202, 35.549683], [33.274297, 35.549017], [33.275118, 35.54932], [33.269506, 35.554013], [33.269674, 35.553735], [33.268777, 35.553915], [33.269149, 35.553569]]","[[33.288102, 35.54879], [33.287994, 35.548668], [33.288198, 35.548223], [33.287721, 35.548315], [33.28817, 35.548146], [33.29021, 35.551349], [33.289918, 35.551465], [33.289606, 35.551561], [33.290111, 35.551397], [33.289819, 35.551839], [33.289869, 35.552109], [33.289661, 35.551472], [33.289285, 35.551029], [33.289252, 35.55102], [33.288716, 35.551403], [33.284918, 35.54951], [33.285544, 35.548897], [33.285435, 35.548959], [33.288217, 35.553678], [33.287826, 35.553153], [33.288149, 35.553596]]","[33.263957, 35.554199]",friend
"[[33.268832, 35.548686], [33.268572, 35.549145], [33.268532, 35.54827], [33.268397, 35.548983], [33.268493, 35.548372], [33.274992, 35.549681], [33.274163, 35.549557], [33.274296, 35.549923], [33.274598, 35.549724], [33.274619, 35.549898], [33.274432, 35.549157], [33.269557, 35.553419], [33.268789, 35.553885], [33.268981, 35.554106], [33.268979, 35.553939], [33.26931, 35.554296], [33.269612, 35.553533]]","[[33.287901, 35.548899], [33.288552, 35.548812], [33.288607, 35.548435], [33.290435, 35.551477], [33.290421, 35.5515], [33.290125, 35.552128], [33.290201, 35.551299], [33.289954, 35.552179], [33.290311, 35.551746], [33.289349, 35.550845], [33.28938, 35.551276], [33.288822, 35.551081], [33.284907, 35.549103], [33.285491, 35.549493], [33.285265, 35.549083], [33.285464, 35.548927], [33.285422, 35.549293], [33.288454, 35.553622], [33.287856, 35.553447], [33.288613, 35.553482], [33.287919, 35.554005], [33.288133, 35.553487], [33.288571, 35.553573]]","[33.261374, 35.54149]",friend
"[[33.269153, 35.548912], [33.268616, 35.548816], [33.26889, 35.548304], [33.2683, 35.548963], [33.268533, 35.548414], [33.268565, 35.548613], [33.274296, 35.549713], [33.273994, 35.549268], [33.273764, 35.550121], [33.274641, 35.549745], [33.274447, 35.549826], [33.274673, 35.550072], [33.269675, 35.553954], [33.269748, 35.553634], [33.269663, 35.553704], [33.269749, 35.553983], [33.269113, 35.554067]]","[[33.288609, 35.548642], [33.288369, 35.548574], [33.287907, 35.548823], [33.288382, 35.548622], [33.288394, 35.548494], [33.289921, 35.551477], [33.289619, 35.551963], [33.289795, 35.551297], [33.289099, 35.551524], [33.289046, 35.551357], [33.289113, 35.550806], [33.288812, 35.551412], [33.284871, 35.548839], [33.285149, 35.548912], [33.284569, 35.549015], [33.284762, 35.548881], [33.287595, 35.554177], [33.28766, 35.553499], [33.287591, 35.553833]]","[33.27435, 35.55236]",friend
"[[33.269006, 35.549167], [33.26909, 35.54864], [33.2686, 35.5486], [33.274473, 35.549617], [33.274463, 35.549331], [33.273978, 35.550155], [33.274051, 35.549301], [33.269512, 35.554149], [33.26965, 35.553772], [33.268814, 35.554175], [33.269699, 35.553797], [33.268991, 35.553446]]","[[33.288605, 35.549261], [33.288218, 35.548629], [33.288801, 35.549364], [33.28898, 35.549329], [33.290193, 35.551826], [33.289748, 35.551655], [33.289965, 35.55154], [33.290314, 35.552282], [33.289691, 35.552263], [33.290203, 35.552098], [33.288739, 35.551643], [33.2894, 35.551465], [33.288959, 35.551524], [33.284451, 35.548953], [33.284492, 35.548796], [33.284557, 35.548822], [33.284555, 35.548758], [33.288388, 35.554187], [33.287867, 35.553575], [33.287717, 35.553264], [33.288105, 35.553717], [33.288374, 35.553453], [33.287722, 35.553272]]","[33.274323, 35.543667]",friend
"[[33.268688, 35.548683], [33.269115, 35.549108], [33.268979, 35.549298], [33.268594, 35.549101], [33.274573, 35.549627], [33.274308, 35.550033], [33.274561, 35.550042], [33.269068, 35.553816], [33.26903, 35.553747], [33.26914, 35.554226], [33.269711, 35.553992], [33.269639, 35.554008]]","[[33.288491, 35.549648], [33.288029, 35.549279], [33.288354, 35.549956], [33.288094, 35.549757], [33.290007, 35.551864], [33.289761, 35.551883], [33.290417, 35.552127], [33.28999, 35.551415], [33.290387, 35.551986], [33.290024, 35.5522], [33.289288, 35.550829], [33.289009, 35.551258], [33.289283, 35.551613], [33.285189, 35.548999], [33.285251, 35.548949], [33.28541, 35.549522], [33.28447, 35.548878], [33.285363, 35.548879], [33.288011, 35.553428], [33.288019, 35.553604], [33.288262, 35.553589], [33.287896, 35.553251], [33.288288, 35.553389]]","[33.27631, 35.553786]",friend
